title,link,text,label
"In Ukraine, Small, Fluffy Dogs Offer Wartime Comfort",https://www.nytimes.com/2024/10/06/world/europe/ukraine-war-dogs.html,,REAL
A Changing Climate Is Scorching the World’s Biggest River,https://www.nytimes.com/2024/10/06/world/americas/amazon-river-climate-change-brazil.html,,REAL
A Ghostly Life for Those Trickling Back to Villages Attacked on Oct. 7,https://www.nytimes.com/2024/10/06/world/middleeast/israel-villages-hamas-oct-7-return.html,,REAL
Tunisia’s Autocratic Leader Is Poised to Steamroll to Election Victory,https://www.nytimes.com/2024/10/06/world/middleeast/tunisia-election-saied-autocratic.html,,REAL
"Palestinians in Lebanon, refugees living in fear of Israeli air strikes",https://www.aljazeera.com/news/2024/10/6/palestinians-in-lebanon-refugees-living-in-fear-of-israeli-airstrikes,,REAL
Pro-Palestine rallies held globally to mark a year of Israel’s war on Gaza,https://www.aljazeera.com/news/2024/10/6/pro-palestine-rallies-held-globally-to-mark-a-year-of-israels-war-on-gaza,,REAL
Photos: Thousands march worldwide for Gaza and Lebanon,https://www.aljazeera.com/gallery/2024/10/6/thousands-march-across-the-world-for-gaza-and-lebanon,,REAL
France’s Macron calls for arms sales ban on Israel as Gaza war nears a year,https://www.aljazeera.com/news/2024/10/6/frances-macron-calls-for-arms-sales-ban-on-israel-as-gaza-war-nears-a-year,,REAL
‘Taking sides’: The international activists for Palestine Israel targets,https://www.aljazeera.com/features/2024/10/6/us-turkish-womans-killing-last-month-puts-a-spotlight-on-international-activists-efforts-to-expose-israeli-violence,,REAL
Bagnaia holds off Martin to seal Japanese MotoGP double at Motegi,https://www.aljazeera.com/sports/2024/10/6/bagnaia-wins-japan-motogp-cuts-martins-championship-lead-to-10-points,,REAL
‘Most violent night’: Massive Israeli bombardments shake Lebanon’s capital,https://www.aljazeera.com/news/2024/10/6/most-violent-night-massive-israeli-bombardments-shake-lebanons-capital,,REAL
Voting under way in Tunisia with President Kais Saied set for re-election,https://www.aljazeera.com/news/2024/10/6/tunisia-polls-open-with-president-kais-saied-set-for-re-election,,REAL
"Russia-Ukraine war: List of key events, day 954",https://www.aljazeera.com/news/2024/10/6/russia-ukraine-war-list-of-key-events-day-954,,REAL
LIVE: India vs Pakistan – ICC Women’s T20 World Cup 2024,https://www.aljazeera.com/sports/liveblog/2024/10/6/live-india-vs-pakistan-womens-t20-world-cup-2024,,REAL
Israel again orders north Gaza civilians to flee as tanks and troops enter,https://www.aljazeera.com/news/liveblog/2024/10/6/live-israel-carries-out-very-violent-bombing-campaign-on-beirut,,REAL
DRC launches first mpox vaccination drive in efforts to curb outbreak,https://www.aljazeera.com/news/2024/10/5/drc-launches-first-mpox-vaccination-drive-in-efforts-to-curb-outbreak,,REAL
Pakistan opposition protesters rally demanding release of ex-PM Imran Khan,https://www.aljazeera.com/news/2024/10/5/supporters-of-jailed-ex-pm-rally-in-pakistan-despite-police-crackdown,,REAL
"Trump rallies in Butler, site of attempted assassination in July",https://www.aljazeera.com/news/2024/10/5/trump-to-rally-in-butler-pennsylvania-site-of-attempted-assassination,,REAL
Israel-Hamas war,https://www.nbcnews.com/israel-hamas-war-gaza-strip-conflict,,REAL
Israel-Hamas war,https://www.nbcnews.com/israel-hamas-war-gaza-strip-conflict,,REAL
Israel-Hamas war,https://www.nbcnews.com/israel-hamas-war-gaza-strip-conflict,,REAL
Israel-Hamas war,https://www.nbcnews.com/israel-hamas-war-gaza-strip-conflict,,REAL
World,https://www.nbcnews.com/world,,REAL
World,https://www.nbcnews.com/world,,REAL
Asian America,https://www.nbcnews.com/asian-america,,REAL
World,https://www.nbcnews.com/world,,REAL
Nightly News,https://www.nbcnews.com/nightly-news/video/large-bomb-blasts-light-up-the-skies-over-beirut-221002821559,,REAL
,https://www.nbcnews.com/video/explosions-rock-beirut-as-israel-escalates-attacks-on-hezbollah-220995653883,,REAL
,https://www.nbcnews.com/video/president-of-israel-iran-and-its-proxies-are-still-a-threat-to-israelis-220996165911,,REAL
,https://www.nbcnews.com/video/nbc-news-richard-engel-interviews-the-lebanese-civil-defense-220989509780,,REAL
Middle East crisis LIVE: More Israeli troops deployed near Gaza ahead of October 7 anniversary,https://www.thehindu.com/news/international/israel-iran-hezbollah-war-middle-east-crisis-live-updates-october-6-2024/article68724034.ece,,REAL
"Junior doctors in Kolkata continue indefinite hunger strike demanding justice, workplace safety",https://www.thehindu.com/news/cities/kolkata/junior-doctors-continue-indefinite-hunger-strike-demanding-justice-workplace-safety/article68724185.ece,,REAL
How are tanks armouring Ladakh sector? | Explained,https://www.thehindu.com/news/national/how-are-tanks-armouring-ladakh-sector-explained/article68722834.ece,,REAL
"Exit polls predict victory for Congress in Haryana, gives an edge to its alliance with NC in J&K",https://www.thehindu.com/elections/exit-polls-jammu-kashmir-haryana-assembly-elections-october-5-2024/article68721762.ece,,REAL
62% voter turnout in Haryana Assembly election,https://www.thehindu.com/elections/haryana-assembly/62-voter-turnout-in-haryana-assembly-election/article68721925.ece,,REAL
Multiple claimants emerge for Haryana CM’s post in both Congress and BJP,https://www.thehindu.com/elections/haryana-assembly/multiple-claimants-emerge-for-haryana-cms-post-in-both-congress-and-bjp/article68721825.ece,,REAL
"Exit polls predict victory for Congress in Haryana, gives an edge to its alliance with National Conference in J&K",https://www.thehindu.com/elections/exit-polls-jammu-kashmir-haryana-assembly-elections-october-5-2024/article68721762.ece,,REAL
"1,031 candidates in fray for Haryana Assembly polls on October 5",https://www.thehindu.com/elections/haryana-assembly/1031-candidates-in-fray-for-haryana-assembly-polls-on-october-5/article68718187.ece,,REAL
"Exit polls predict victory for Congress in Haryana, gives an edge to its alliance with National Conference in J&K",https://www.thehindu.com/elections/exit-polls-jammu-kashmir-haryana-assembly-elections-october-5-2024/article68721762.ece,,REAL
Omar Abdullah’s claim on government move to curtail powers of J&K CM misleading: Union Home Ministry,https://www.thehindu.com/news/national/home-ministry-says-omar-abdullahs-claim-on-govt-move-to-curtail-powers-of-jk-cm-misleading/article68719422.ece,,REAL
Watch | J&K elections: What message does New Delhi want to send?,https://www.thehindu.com/elections/jammu-and-kashmir-assembly/watch-jammu-and-kashmir-elections-what-message-does-new-delhi-want-to-send/article68717988.ece,,REAL
"Doors open for like-minded parties, individuals: J&K Congress chief",https://www.thehindu.com/news/national/jammu-and-kashmir/doors-open-for-like-minded-parties-individuals-jk-congress-chief/article68709598.ece,,REAL
What’s behind Israel’s ban on the UN chief? | Explained,https://www.thehindu.com/news/international/whats-behind-israels-ban-on-the-un-chief-explained/article68722855.ece,,REAL
Why is salt pan land being used for homes? | Explained,https://www.thehindu.com/news/national/why-is-salt-pan-land-being-used-for-homes-explained/article68722845.ece,,REAL
P.V. Anvar: From comrade to renegade,https://www.thehindu.com/news/national/kerala/pv-anvar-from-comrade-to-renegade/article68722760.ece,,REAL
Mithun Chakraborty: The lone ranger,https://www.thehindu.com/entertainment/mithun-chakraborty-the-lone-ranger/article68722752.ece,,REAL
The ‘Axis of Resistance’: Iran’s forward defence network,https://www.thehindu.com/news/international/the-axis-of-resistance-irans-forward-defence-network/article68722724.ece,,REAL
"Committed To Closer Ties With India, Says Justin Trudeau Amid Row",https://www.ndtv.com/india-news/india-canada-news-khalistani-terrorist-hardeep-singh-nijjar-were-very-serious-aboutjustin-trudeau-on-ties-with-india-amid-row-4433840#pfrom=home-ndtv_,,REAL
"In Avoiding Repeat Of Telangana, BJP Pays Price In Tamil Nadu",https://www.ndtv.com/opinion/lessons-for-bjp-from-telangana-to-tamil-nadu-4433458#pfrom=home-ndtv_,,REAL
"Man Complains Of Stomach Pain For Years, Doctors Find This Inside His Body",https://www.ndtv.com/india-news/rakhis-earphones-screws-among-100-items-pulled-from-punjab-mans-stomach-4433880#pfrom=home-ndtv_,,REAL
"""They Can Speak For..."": US On India's Response On Canada's Allegations",https://www.ndtv.com/world-news/what-us-said-on-indias-response-on-canadas-allegations-4433791#pfrom=home-ndtv_,,REAL
Dinner With Kim Jong Un Or George Soros? S Jaishankar Was Asked. His Reply,https://www.ndtv.com/india-news/kim-jong-un-or-george-soros-for-dinner-partner-s-jaishankar-was-asked-his-reply-6727811#pfrom=home-ndtv_topscroll,,REAL
Inside Details Of How Israel's Mossad Worked Out Pager Idea: 5 Points,https://www.ndtv.com/world-news/inside-details-of-how-israels-mossad-worked-out-pager-idea-5-points-6727671#pfrom=home-ndtv_topscroll,,REAL
"On Camera, Sleeping Delhi Man Beaten For ""Don't Urinate In Public"" Request",https://www.ndtv.com/delhi-news/on-camera-sleeping-delhi-man-beaten-for-dont-urinate-in-public-request-6726780#pfrom=home-ndtv_topscroll,,REAL
"""Haryana Can Give Me Space"": Kumari Selja, A Dalit, Day After Exit Polls",https://www.ndtv.com/india-news/haryana-chief-minister-post-congress-leader-kumari-seljas-wont-stake-claim-strategy-to-seek-top-post-6728672#pfrom=home-ndtv_topscroll,,REAL
"Congress To Win Haryana, Hung House In J&K: Poll Of Exit Polls",https://www.ndtv.com/india-news/congress-win-in-haryana-hung-house-in-j-k-poll-of-exit-polls-6723388#pfrom=home-ndtv_topscroll,,REAL
"""If Donald Trump Doesn't Win...."": Elon Musk Joins Ex US President On Stage",https://www.ndtv.com/world-news/elon-musk-donald-trump-pennsylvania-butler-assassination-site-2024-us-presidential-elections-6726322#pfrom=home-ndtv_topscroll,,REAL
T20 WC Live: India Commit Another Fielding Blunder; 5-Down Pak Bank On Nida,https://sports.ndtv.com/women-s-t20-world-cup/india-vs-pakistan-live-score-icc-womens-t20-world-cup-2024-ind-vs-pak-live-scorecard-updates-6727533#pfrom=home-ndtv_topstories,,REAL
"""Sit Quiet"": Bhavish Aggarwal As Kunal Kamra Flags Ola EV Issue",https://www.ndtv.com/india-news/bhavish-aggarwal-as-kunal-kamra-flags-ola-electric-ev-scooters-issue-6728454#pfrom=home-ndtv_topstories,,REAL
"""Scary Scenes"": Thousands Of Indian Students In Canada Queue For Waiter Jobs",https://www.ndtv.com/education/scary-scenes-thousands-of-indian-students-in-canada-queue-for-waiter-jobs-6727252#pfrom=home-ndtv_topstories,,REAL
"US Man Kills Wife, Dumps Body In Forest With Roommates' Help: Police",https://www.ndtv.com/world-news/us-man-brandon-barnes-kills-wife-jessica-barnes-dumps-body-in-forest-with-roommates-help-police-6728090#pfrom=home-ndtv_topstories,,REAL
"""I Promise..."": UK Woman Writes Letter To Daughter Held By Hamas In Gaza",https://www.ndtv.com/world-news/keep-praying-and-be-your-beautiful-self-british-hostage-s-mother-writes-to-daughter-held-in-gaza-6721579#pfrom=home-ndtv_topstories,,REAL
"UK Robber Breaks Into Home, Cooks Meal For Victim, Hangs Clothes To Dry",https://www.ndtv.com/world-news/uk-robber-breaks-into-home-cooks-meal-for-victim-hangs-clothes-to-dry-6726718#pfrom=home-ndtv_topstories,,REAL
"Bangladesh Team Doesn't Visit Gwalior Mosque, Hold Prayer In Hotel",https://sports.ndtv.com/cricket/bangladesh-cricket-team-doesn-t-visit-gwalior-mosque-holds-friday-prayer-at-hotel-6721496#pfrom=home-ndtv_topstories,,REAL
"Israeli Airstrikes Hit Beirut, Hezbollah Heir Apparent Missing: 10 Points",https://www.ndtv.com/world-news/israel-lebanon-hezbollah-israeli-airstrikes-hit-beirut-hezbollah-heir-apparent-missing-10-points-6726826#pfrom=home-ndtv_topstories,,REAL
Three-decade Long Treasure Hunt For 'Golden Owl' Finally Over,https://www.ndtv.com/world-news/frances-golden-owl-treasure-hunt-ends-after-31-years-6728408#pfrom=home-ndtv_lateststories,,REAL
"""Gabba Se Wapas..."": SKY Trolls India Cricket Star, Teammate Does This",https://sports.ndtv.com/india-vs-bangladesh-2024/gabba-se-wapas-suryakumar-yadav-trolls-india-star-ahead-of-bangladesh-t20is-teammate-does-this-watch-6728808#pfrom=home-ndtv_lateststories,,REAL
Rohit Reveals How Pant's Masterplan Helped India Beat SA In T20 WC Final,https://sports.ndtv.com/cricket/rohit-sharma-reveals-rishabh-pants-masterplan-that-helped-india-beat-south-africa-in-t20-world-cup-final-6726939#pfrom=home-ndtv_lateststories,,REAL
EasyJet Flight Makes Emergency Landing After Passengers Brawl Mid-Air,https://www.ndtv.com/world-news/easyjet-flight-makes-emergency-landing-in-athens-after-passengers-brawl-mid-air-6728716#pfrom=home-ndtv_lateststories,,REAL
Watch: Diljit Dosanjh Bows Down Before Gajraj Rao. Actor's Response,https://www.ndtv.com/entertainment/watch-diljit-dosanjh-bows-down-before-gajraj-rao-he-kisses-the-singers-hands-6728712#pfrom=home-ndtv_lateststories,,REAL
"Pakistan Announce Playing XI For England Test, Superstar Player Returns",https://sports.ndtv.com/cricket/pakistan-announce-playing-xi-for-england-test-in-multan-superstar-player-returns-6728446#pfrom=home-ndtv_lateststories,,REAL
"1,000-Year-Old Seed Revived In Israeli Desert, Grows Into 10-Foot Tree",https://www.ndtv.com/world-news/1-000-year-old-seed-revived-in-israeli-desert-grows-into-10-foot-tree-6727925#pfrom=home-ndtv_lateststories,,REAL
"""If Harmanpreet Behaved..."": Bangar's Take On Women's T20 WC Controversy",https://sports.ndtv.com/women-s-t20-world-cup/if-harmanpreet-behaved-another-way-sanjay-bangars-intriguing-take-on-womens-t20-world-cup-controversy-6722180#pfrom=home-ndtv_lateststories,,REAL
Watch: Students' Stunning 'Aigiri Nandini' Performance Goes Viral,https://www.ndtv.com/education/watch-students-stunning-aigiri-nandini-performance-goes-viral-6728607#pfrom=home-ndtv_lateststories,,REAL
Egypt's Pyramids Built Using An Incredibly Clever Machine: Study,https://www.ndtv.com/feature/egypts-pyramids-were-likely-built-using-an-incredibly-clever-machine-study-6727713#pfrom=home-ndtv_lateststories,,REAL
World's Highest Gamma Ray Telescope Set To Peek Into Universe's Secrets,https://www.ndtv.com/india-news/worlds-highest-gamma-ray-telescope-set-to-peek-into-universes-secrets-from-ladakh-6717697#pfrom=home-ndtv_featured,,REAL
"Highest Wicket-Takers In T20Is Between IND, BAN",https://sports.ndtv.com/webstories/sports/highest-wicket-takers-in-t20is-between-ind-ban-25483#pfrom=home-ndtv_webstories,,REAL
IPL 2025: Indians Who Will Definitely Be Retained,https://sports.ndtv.com/webstories/sports/ipl-2025-indians-who-will-definitely-be-retained-25481#pfrom=home-ndtv_webstories,,REAL
10 Most Powerful Countries In The World,https://www.ndtv.com/webstories/feature/10-most-powerful-countries-in-the-world-25480#pfrom=home-ndtv_webstories,,REAL
5 Iconic Trees Around the World,https://www.ndtv.com/webstories/feature/5-iconic-trees-around-the-world-25476#pfrom=home-ndtv_webstories,,REAL
8 Most Bizarre Spa Treatments,https://www.ndtv.com/webstories/feature/8-most-bizarre-spa-treatments-25463#pfrom=home-ndtv_webstories,,REAL
8 Unique Bridges Around The World,https://www.ndtv.com/webstories/feature/8-unique-bridges-around-the-world-25461#pfrom=home-ndtv_webstories,,REAL
Quietest Places In The World,https://www.ndtv.com/webstories/feature/quietest-places-in-the-world-25425#pfrom=home-ndtv_webstories,,REAL
8 Unique Bridges Around The World,https://www.ndtv.com/webstories/feature/8-unique-bridges-around-the-world-25461#pfrom=home-ndtv_webstories,,REAL
Top Places To Visit In Mussoorie,https://www.ndtv.com/webstories/feature/top-places-to-visit-in-mussoorie-25289#pfrom=home-ndtv_webstories,,REAL
India's Top 10 Richest States,https://www.ndtv.com/webstories/feature/indias-top-10-richest-states-25446#pfrom=home-ndtv_webstories,,REAL
10 Best Tea Plantations In India,https://www.ndtv.com/webstories/feature/10-best-tea-plantations-in-india-25361#pfrom=home-ndtv_webstories,,REAL
5 Players Never Released By Their IPL Teams,https://sports.ndtv.com/webstories/sports/5-players-never-released-by-their-ipl-teams-ms-dhoni-virat-kohli-and-more-25389#pfrom=home-ndtv_webstories,,REAL
10 Most Powerful Countries In The World,https://www.ndtv.com/webstories/feature/10-most-powerful-countries-in-the-world-25480#pfrom=home-ndtv_webstories,,REAL
5 Iconic Trees Around the World,https://www.ndtv.com/webstories/feature/5-iconic-trees-around-the-world-25476#pfrom=home-ndtv_webstories,,REAL
8 Most Bizarre Spa Treatments,https://www.ndtv.com/webstories/feature/8-most-bizarre-spa-treatments-25463#pfrom=home-ndtv_webstories,,REAL
8 Unique Bridges Around The World,https://www.ndtv.com/webstories/feature/8-unique-bridges-around-the-world-25461#pfrom=home-ndtv_webstories,,REAL
5 Must-Visit Beaches In Karnataka,https://www.ndtv.com/webstories/feature/5-must-visit-beaches-in-karnataka-25456#pfrom=home-ndtv_webstories,,REAL
India's Top 10 Richest States,https://www.ndtv.com/webstories/feature/indias-top-10-richest-states-25446#pfrom=home-ndtv_webstories,,REAL
Actresses Who Are Trained In Combat/MMA,https://www.ndtv.com/entertainment/webstories/actresses-who-are-trained-in-combat-mma-25437#pfrom=home-ndtv_webstories,,REAL
Actors Who Played Superman On Screen,https://www.ndtv.com/entertainment/webstories/actors-who-played-superman-on-screen-25348#pfrom=home-ndtv_webstories,,REAL
ICYDK: Shah Rukh Khan Holds Five Honorary Doctorates,https://www.ndtv.com/entertainment/webstories/icydk-shah-rukh-khan-holds-five-honorary-doctorates-25317#pfrom=home-ndtv_webstories,,REAL
Films That Explore Gandhi's Life And Ideals,https://www.ndtv.com/entertainment/webstories/films-that-explore-gandhis-life-and-ideals-25288#pfrom=home-ndtv_webstories,,REAL
Must-Watch Movies About Phobias,https://www.ndtv.com/entertainment/webstories/must-watch-movies-about-phobias-25287#pfrom=home-ndtv_webstories,,REAL
Hina Khan: Winning Hearts On And Off Camera,https://www.ndtv.com/entertainment/webstories/hina-khan-winning-hearts-on-and-off-camera-25286#pfrom=home-ndtv_webstories,,REAL
9 Popular Recipes For Navratri Fasting,https://food.ndtv.com/webstories/food/9-popular-recipes-for-navratri-fasting-25403#pfrom=home-ndtv_webstories,,REAL
5 Best Millets For Navratri Fasting,https://food.ndtv.com/webstories/food/navratri-2024-5-best-millets-for-navratri-fasting-25390#pfrom=home-ndtv_webstories,,REAL
How to Make Bengali-Style Khichdi For Durga Puja,https://food.ndtv.com/webstories/food/how-to-make-bengali-style-khichdi-for-durga-puja-25384#pfrom=home-ndtv_webstories,,REAL
5 Easy Tips To Store Wheat Flour,https://food.ndtv.com/webstories/food/5-easy-tips-to-store-wheat-flour-25382#pfrom=home-ndtv_webstories,,REAL
How To Make Mysore Masala Dosa At Home,https://food.ndtv.com/webstories/food/how-to-make-mysore-masala-dosa-at-home-25371#pfrom=home-ndtv_webstories,,REAL
6 Navratri Fasting Tips For Beginners,https://food.ndtv.com/webstories/food/6-navratri-fasting-tips-for-beginners-25322#pfrom=home-ndtv_webstories,,REAL
Film On 1971 Bank Scam Soon. Deets Inside,https://www.ndtv.com/webstories/bollywood/film-on-1971-bank-scam-soon-deets-inside-20817#pfrom=home-ndtv_webstories,,REAL
Sun Is The Only Filter Katrina Needs,https://www.ndtv.com/webstories/bollywood/sun-is-the-only-filter-katrina-needs-20598#pfrom=home-ndtv_webstories,,REAL
Celebrating 22 Years OfDevdas,https://www.ndtv.com/webstories/bollywood/celebrating-22-years-of-devdas-20406#pfrom=home-ndtv_webstories,,REAL
32 Years Of SRK:Picture Abhi Baaki Hai,https://www.ndtv.com/webstories/bollywood/32-years-of-srk-picture-abhi-baaki-hai-19472#pfrom=home-ndtv_webstories,,REAL
Kriti Sanon Left Her Heart In London,https://www.ndtv.com/webstories/bollywood/kriti-sanon-left-her-heart-in-london-19287#pfrom=home-ndtv_webstories,,REAL
Make Way for Desi Girl Sonakshi Sinha,https://www.ndtv.com/webstories/bollywood/make-way-for-desi-girl-sonakshi-sinha-19113#pfrom=home-ndtv_webstories,,REAL
CSIR-UGC-NET June 2024 Results To Be Out By October 15,https://www.ndtv.com/education/webstories/csir-ugc-net-june-2024-results-to-be-out-by-october-15-25448#pfrom=home-ndtv_webstories,,REAL
Check This Scholarship To Study In Malaysia,https://www.ndtv.com/education/webstories/check-this-scholarship-to-study-in-malaysia-25418#pfrom=home-ndtv_webstories,,REAL
Check Various Job Openings At ISRO,https://www.ndtv.com/education/webstories/check-various-job-openings-at-isro-25344#pfrom=home-ndtv_webstories,,REAL
How To Become Pilot In 2024,https://www.ndtv.com/education/webstories/how-to-become-pilot-in-2024-25292#pfrom=home-ndtv_webstories,,REAL
UP To Soon Have 2 New Private Universities,https://www.ndtv.com/education/webstories/up-cabinet-approves-setting-up-two-private-universities-25271#pfrom=home-ndtv_webstories,,REAL
Top Books Written By Mahatma Gandhi,https://www.ndtv.com/education/webstories/top-books-written-by-mahatma-gandhi-gandhi-jayanti-2-october-25243#pfrom=home-ndtv_webstories,,REAL
Inside Shraddha Arya's Baby Shower Ceremony With Adrija Roy And Others,https://www.ndtv.com/entertainment/inside-shraddha-aryas-baby-shower-ceremony-with-dheeraj-dhoopar-adrija-roy-6728403#pfrom=home-ndtv_entertaiment,,REAL
"IPO Rush: Garuda Construction, Shiv Texchem To Open This Week, Two SMEs To List",https://www.ndtvprofit.com/ipos/ipo-rush-garuda-construction-shiv-texchem-to-open-this-week-two-smes-to-list#pfrom=home-ndtv_ndtvprofit,,REAL
India's Likely XI vs Ban: 156.7 Kmph Star Mayank And KKR Player To Debut?,https://sports.ndtv.com/india-vs-bangladesh-2024/indias-predicted-xi-vs-bangladesh-1st-t20i-156-7-kmph-star-mayank-yadav-and-kkr-star-to-debut-6727668#pfrom=home-ndtv_sports,,REAL
Oppo Find X8 Detailed Specifications Leak Ahead of Launch: See Images,https://www.gadgets360.com/mobiles/news/oppo-find-x8-specifications-leak-features-expected-6722473,,REAL
National Talent Hunt 2.0: Launched For Content Creators!,https://www.whosthat360.com/news/gaurav-taneja-on-separation-rumours-with-ritu-rathee-men-are-made-villains-6681631,,REAL
Zomato CEO Deepinder Goyal And Wife Grecia Munoz Deliver Food Orders,https://food.ndtv.com/news/zomato-ceo-deepinder-goyal-and-wife-grecia-munoz-turn-delivery-agents-for-a-day-6727569#pfrom=home-ndtv_food,,REAL
Triptii Dimri Turned Up TheDesiGirl Dazzle In A Mirror WorkLehenga,https://www.ndtv.com/lifestyle/in-chumma-music-video-from-vicky-vidya-ka-woh-wala-video-movie-triptii-dimri-turned-up-the-desi-girl-dazzle-in-a-bandhani-and-mirror-work-lehenga-chol-6727856#pfrom=home-ndtv_lifestyle,,REAL
Struggling With Work-Life Balance? Keep These Tips In Mind,https://www.ndtv.com/health/struggling-with-work-life-balance-keep-these-tips-in-mind-6682930#pfrom=home-ndtv_health,,REAL
"About Last Night: Shraddha, Mouni, Bhumi And Others Lit Up An Event Like This",https://www.ndtv.com/photos/entertainment/about-last-night-shraddha-mouni-bhumi-and-others-lit-up-an-event-like-this-108528#pfrom=home-ndtv_photos,,REAL
Kriti Sanon And Rasha Thadani Make The Casual Look Cool,https://www.ndtv.com/photos/entertainment/kriti-sanon-and-rasha-thadani-make-the-casual-look-cool-108526#pfrom=home-ndtv_photos,,REAL
"Ananya Panday, Navya Nanda, Hina Khan's Red Carpet Glory",https://www.ndtv.com/photos/entertainment/ananya-panday-navya-nanda-hina-khans-red-carpet-glory-108514#pfrom=home-ndtv_photos,,REAL
"Star Spotting: Saif-Sara Lunch Date, Tanishaa Mukerji's Outing With Pet And More",https://www.ndtv.com/photos/entertainment/star-spotting-saif-sara-lunch-date-tanishaa-mukerjis-outing-with-pet-and-more-108498#pfrom=home-ndtv_photos,,REAL
"Rekha, Gauri Khan, Kajol Lit Up Manish Malhotra's Store Launch Event Like This",https://www.ndtv.com/photos/entertainment/rekha-gauri-khan-kajol-lit-up-manish-malhotras-store-launch-event-like-this-108582#pfrom=home-ndtv_photos,,REAL
"TheMFactor: Mrunal Thakur, Manushi Chhillar And Malavika Mohanan AtYudhraScreening",https://www.ndtv.com/photos/entertainment/the-m-factor-mrunal-thakur-manushi-chhillar-and-malavika-mohanan-at-yudhra-screening-108497#pfrom=home-ndtv_photos,,REAL
Celebrities Spotted on the Go,https://www.ndtv.com/photos/entertainment/celebrities-spotted-on-the-go-108495#pfrom=home-ndtv_photos,,REAL
"Emmys 2024: Jennifer Aniston, Selena Gomez, Reese Witherspoon Ace The Red Carpet Like This",https://www.ndtv.com/photos/entertainment/emmys-2024-jennifer-aniston-selena-gomez-reese-witherspoon-ace-the-red-carpet-like-this-108476#pfrom=home-ndtv_photos,,REAL
Vicky Vidya Ka Woh Wala Video'sTrailer Launch Event,https://www.ndtv.com/photos/entertainment/vicky-vidya-ka-woh-wala-videos-trailer-launch-event-108452#pfrom=home-ndtv_photos,,REAL
"Israel vs Iran: Risks of a Big War | Nothing But The Truth, S2, Ep 60",https://podcasts.indiatoday.in/news/nothing-but-the-truth/israel-vs-iran-risks-of-a-big-war-nothing-but-the-truth-s2-ep-60-1101991-2024-10-04?utm_source=it,,REAL
"Hypersonic missiles tested in Iran-Israel conflict: Game-changer in modern warfare? | In Our Defence, S02, Ep 42",https://podcasts.indiatoday.in/politics-&-history/in-our-defence/hypersonic-missiles-tested-in-iran-israel-conflict-game-changer-in-modern-warfare-in-our-defence-s02-ep-42-1101993-2024-10-04?utm_source=it,,REAL
"Taking India to London Fashion Week | Ft. Palak D. Arya | The Fashion Scoop, Ep 36",https://podcasts.indiatoday.in/lifestyle/the-fashion-scoop/taking-india-to-london-fashion-week-ft-palak-d-arya-the-fashion-scoop-ep-36-1101089-2024-10-02?utm_source=it,,REAL
"IPL Retention Rules - The Good, the bad and the ugly | Sledging Room S02, Ep 55",https://podcasts.indiatoday.in/sports/sledging-room/ipl-retention-rules-the-good-the-bad-and-the-ugly-sledging-room-s02-ep-55-1100977-2024-10-02?utm_source=it,,REAL
"Israel war on Gaza, Lebanon: Is a crippled Iran next on Tel Aviv’s radar? | Geeta's World, Ep 106",https://podcasts.indiatoday.in/politics-&-history/geetas-world/israel-war-on-gaza-lebanon-is-a-crippled-iran-next-on-tel-avivs-radar-geetas-world-ep-106-1100723-2024-10-01?utm_source=it,,REAL
"Can bad posture ruin my gut health? | Health Wealth, Ep 62",https://podcasts.indiatoday.in/health/health-wealth/can-bad-posture-ruin-my-gut-health-health-wealth-ep-62-1100206-2024-09-30?utm_source=it,,REAL
"Our Killer Highways | Nothing But The Truth, S2, Ep 59",https://podcasts.indiatoday.in/news/nothing-but-the-truth/our-killer-highways-nothing-but-the-truth-s2-ep-59-1099042-2024-09-27?utm_source=it,,REAL
"MQ-9 Reaper deal almost done: How it will help India become 'super supremely aware’ | In Our Defence, S02, Ep 41",https://podcasts.indiatoday.in/politics-&-history/in-our-defence/mq-9-reaper-deal-almost-done-how-it-will-help-india-become-super-supremely-aware-in-our-defence-s02-ep-41-1098542-2024-09-26?utm_source=it,,REAL
"Ground Report: Israeli family, hiding due to Hezbollah threat, speaks to India Today",https://www.indiatoday.in/world/video/ground-report-israeli-family-hiding-due-to-hezbollah-threat-speaks-to-india-today-2611889-2024-10-05,,REAL
Ground report: Haifa in northern Israel wears deserted look amid Hezbollah threat,https://www.indiatoday.in/world/video/haifa-ground-report-northern-israel-deserted-look-amid-hezbollah-threat-israel-lebanon-war-2611809-2024-10-05,,REAL
Ground Report: Once vibrant northern Israel nearly empty after Hezbollah strikes,https://www.indiatoday.in/world/video/ground-report-once-vibrant-northern-israel-nearly-empty-after-hezbollah-strikes-2611730-2024-10-05,,REAL
Ground report: Hezbollah hideout in Beirut reduced to rubble in Israeli strike,https://www.indiatoday.in/world/video/ground-report-hezbollah-hideout-in-beirut-reduced-to-rubble-in-israeli-strike-2611664-2024-10-05,,REAL
Top 5 songs to groove to this Navratri,https://www.indiatoday.in/visualstories/entertainment/top-5-songs-to-groove-to-this-navratri-176386-04-10-2024,,REAL
"India, Pakistan train hard before T20 World Cup clash",https://www.indiatoday.in/visualstories/sports/india-pakistan-train-hard-before-t20-world-cup-clash-176653-05-10-2024,,REAL
OnePlus 13 coming with 5 upgrades,https://www.indiatoday.in/visualstories/technology/oneplus-13-coming-with-5-upgrades-176701-06-10-2024,,REAL
7 spacious CNG SUVs with high mileage,https://www.indiatoday.in/visualstories/auto/7-spacious-cng-suvs-with-high-mileage-175204-30-09-2024,,REAL
Today's Horoscope  06 October 2024  - Indiatoday,https://www.indiatoday.in/visualstories/horoscope/daily-horoscope-today-s-06-october-2024-daily-horoscope-in-english-all-zodiac-signs-astrology-prediction-airf-176694-06-10-2024,,REAL
7 C's Of Sucess,https://www.indiatoday.in/visualstories/education/7-cs-of-sucess-176518-05-10-2024,,REAL
"Ground Report: Israeli family, hiding due to Hezbollah threat, speaks to India Today",https://www.indiatoday.in/world/video/ground-report-israeli-family-hiding-due-to-hezbollah-threat-speaks-to-india-today-2611889-2024-10-05,,REAL
Ground report: Haifa in northern Israel wears deserted look amid Hezbollah threat,https://www.indiatoday.in/world/video/haifa-ground-report-northern-israel-deserted-look-amid-hezbollah-threat-israel-lebanon-war-2611809-2024-10-05,,REAL
Ground Report: Once vibrant northern Israel nearly empty after Hezbollah strikes,https://www.indiatoday.in/world/video/ground-report-once-vibrant-northern-israel-nearly-empty-after-hezbollah-strikes-2611730-2024-10-05,,REAL
Ground report: Hezbollah hideout in Beirut reduced to rubble in Israeli strike,https://www.indiatoday.in/world/video/ground-report-hezbollah-hideout-in-beirut-reduced-to-rubble-in-israeli-strike-2611664-2024-10-05,,REAL
Protest breaks out in Bengal after girl's body found in canal,https://www.indiatoday.in/india/video/protest-breaks-out-in-bengal-after-girls-body-found-in-canal-2611874-2024-10-05,,REAL
7 killed as fire breaks out in shop-cum-residential building in Mumbai; CM orders probe,https://www.moneycontrol.com/news/india/7-killed-as-fire-breaks-out-in-shop-cum-residential-building-in-mumbai-cm-orders-probe-12836635.html,,REAL
"Operation Shadabad: How Israeli spies infiltrated, sabotaged Iran's top secret nuclearÂ facility",https://www.moneycontrol.com/news/world/operation-shadabad-how-israeli-spies-infiltrated-sabotaged-irans-top-secret-nuclear-facility-12836591.html,,REAL
AI will be the most profound global factor since nuclear weapons: EAM Jaishankar,https://www.moneycontrol.com/news/business/ai-will-be-the-most-profound-global-factor-since-nuclear-weapons-eam-jaishankar-12836622.html,,REAL
"Stock Radar: Titan, Jio Financial, Bandhan Bank, Lupin, CG Power, Diffusion Engineers, GAIL in focus on Monday",https://www.moneycontrol.com/news/business/markets/stock-radar-titan-jio-financial-bandhan-bank-lupin-cg-power-diffusion-engineers-gail-in-focus-on-monday-12836436.html,,REAL
Trade setup for Monday: Top 15 things to know before the opening bell,https://www.moneycontrol.com/news/business/markets/trade-setup-for-monday-top-15-things-to-know-before-the-opening-bell-75-12835867.html,,REAL
Big dreams or survival? Thousands of Indian students in Canada queue for waiter jobs,https://www.moneycontrol.com/news/india/big-dreams-or-survival-thousands-of-indian-students-in-canada-queue-for-waiter-jobs-12836601.html,,REAL
This Tenant Moved From U.S. To Mumbai For Doing Standup Comedy | The Tenant,https://www.moneycontrol.com/news/videos/business/real-estate/this-tenant-moved-from-u-s-to-mumbai-for-doing-standup-comedy-the-tenant-12835993.html,,REAL
"Harris targets Trump calling him one of biggest ""losers"" of the manufacturing jobs in U.S. history",https://www.moneycontrol.com/news/videos/world/harris-targets-trump-calling-him-one-of-biggest-losers-of-the-manufacturing-jobs-in-u-s-history-12836321.html,,REAL
Latest update of Mumbaiâ€™s underground Metro Line 3 |Aarey JVLR to BKC | Services starts from Oct 6,https://www.moneycontrol.com/elections/assembly-election/maharashtra/latest-update-of-mumbais-underground-metro-line-3-aarey-jvlr-to-bkc-services-starts-from-oct-6-videoshow-12836248.html,,REAL
India went from 'taking advice' to 'giving advice' to the World Bank: Economist Jagdish Bhagwati,https://www.moneycontrol.com/news/business/economy/india-went-from-taking-advice-to-giving-advice-to-the-world-bank-economist-jagdish-bhagwati-12836173.html,,REAL
Services activity dips to 10-month low of 57.7 in September,https://www.moneycontrol.com/news/business/economy/services-activity-dips-to-10-month-low-of-57-7-in-september-12835299.html,,REAL
Finance Commission can create more fiscal space for states through grants,https://www.moneycontrol.com/news/opinion/finance-commission-can-create-more-fiscal-space-for-states-through-grants-12834705.html,,REAL
"Operation Shadabad: How Israeli spies infiltrated, sabotaged Iran's top secret nuclearÂ facility",https://www.moneycontrol.com/news/world/operation-shadabad-how-israeli-spies-infiltrated-sabotaged-irans-top-secret-nuclear-facility-12836591.html,,REAL
Murder for hire: Inside Iranâ€™s proxy war with Israel in the West,https://www.moneycontrol.com/news/world/murder-for-hire-inside-irans-proxy-war-with-israel-in-the-west-12836579.html,,REAL
Israel on 'high alert' ahead of Hamas attack anniversary amid widening tensions,https://www.moneycontrol.com/news/world/israel-on-high-alert-ahead-of-hamas-attack-anniversary-amid-widening-tensions-12836571.html,,REAL
"Exit polls 2024: Congress comeback in Haryana, hung House in J&K, predicts poll of exit polls",https://www.moneycontrol.com/news/india/exit-polls-2024-congress-to-wrest-power-from-bjp-in-haryana-hung-house-in-jk-predict-poll-of-exit-polls-12836249.html,,REAL
'No use bowing before Shivaji Maharaj after ...': Rahul Gandhi slams BJP in Maharashtra,https://www.moneycontrol.com/news/india/no-use-bowing-before-shivaji-maharaj-after-rahul-gandhi-slams-bjp-in-maharashtra-12836048.html,,REAL
"Andhra CM should apologise to people, says YSRCP chief after SC verdict on Tirupati laddu",https://www.moneycontrol.com/news/politics/andhra-cm-should-apologise-to-people-says-ysrcp-chief-after-sc-verdict-on-tirupati-laddu-12835653.html,,REAL
"Market snaps 3-week run, post biggest weekly drop since 2022",https://www.moneycontrol.com/news/photos/business/markets/market-snaps-3-week-run-post-biggest-weekly-drop-since-2022-12835938.html,,REAL
Nissan launches 2024 Magnite SUV facelift at Rs 5.99 lakh,https://www.moneycontrol.com/automobile/nissan-launches-2024-magnite-suv-facelift-at-rs-5-99-lakh-photo-gallery-12835800.html,,REAL
The Mystery Behind Guna Caves: Why it's called 'Devil's Kitchen',https://www.moneycontrol.com/travel/the-mystery-behind-guna-caves-why-its-called-devils-kitchen-photo-gallery-12835699.html,,REAL
Chart of the Day: Personal loans perk up for festivals,https://www.moneycontrol.com/news/business/companies/chart-of-the-day-personal-loans-perk-up-for-festivals-9274911.html,,REAL
Chart of the Day: RBI survey shows festival spending may not shine much,https://www.moneycontrol.com/news/business/markets/chart-of-the-day-rbi-survey-shows-festival-spending-may-not-shine-much-9268401.html,,REAL
Indian startups stare at two years of funding winter even as investors sit on a $9 billion dry powder,https://www.moneycontrol.com/news/business/startup/indian-startups-stare-at-two-years-of-funding-winter-even-as-investors-sit-on-a-9-billion-dry-powder-9242481.html,,REAL
In Charts | China's growth slowdown explained,https://www.moneycontrol.com/news/business/economy/in-charts-chinas-growth-slowdown-explained-9054961.html,,REAL
"On Rohit Replacing Faf as RCB Skipper, De Villiers' Blunt Kohli Response",https://sports.ndtv.com/cricket/on-rohit-sharma-to-lead-rcb-rumours-ab-de-villiers-says-virat-kohli-will-back-6723926,,REAL
"""If Harmanpreet Behaved..."": Bangar's Take On Women's T20 WC Controversy",https://sports.ndtv.com/women-s-t20-world-cup/if-harmanpreet-behaved-another-way-sanjay-bangars-intriguing-take-on-womens-t20-world-cup-controversy-6722180,,REAL
'Not Be Taking Much Pressure': Fatima Sana On Women's T20 WC Clash vs India,https://sports.ndtv.com/women-s-t20-world-cup/not-be-taking-much-pressure-pakistan-skipper-fatima-sana-on-womens-t20-world-cup-clash-vs-india-6723479,,REAL
"""Rule Changed For Dhoni, Will Keep Changing Till He Plays"": Mohammad Kaif",https://sports.ndtv.com/ipl-2025/rule-changed-for-dhoni-will-keep-changing-till-he-wants-to-play-mohammad-kaif-6712482,,REAL
Ind vs Pak Live: Pakistan Collapse As India Spinners Dominate; Nida Dar KeyCricket11 minutes agofacebooktwitterWhatsAppredditSnapchat,https://sports.ndtv.com/women-s-t20-world-cup/india-vs-pakistan-live-score-icc-womens-t20-world-cup-2024-ind-vs-pak-live-scorecard-updates-6727533,,REAL
"""Gabba Se Wapas..."": SKY Trolls India Cricket Star, Teammate Does ThisCricket20 minutes agofacebooktwitterWhatsAppredditSnapchat",https://sports.ndtv.com/india-vs-bangladesh-2024/gabba-se-wapas-suryakumar-yadav-trolls-india-star-ahead-of-bangladesh-t20is-teammate-does-this-watch-6728808,,REAL
"Pakistan Announce Playing XI For England Test, Superstar Player ReturnsCricket1 hour agofacebooktwitterWhatsAppredditSnapchat",https://sports.ndtv.com/cricket/pakistan-announce-playing-xi-for-england-test-in-multan-superstar-player-returns-6728446,,REAL
"Bangladesh Team Doesn't Visit Gwalior Mosque, Hold Prayer In HotelCricket1 hour agofacebooktwitterWhatsAppredditSnapchat",https://sports.ndtv.com/cricket/bangladesh-cricket-team-doesn-t-visit-gwalior-mosque-holds-friday-prayer-at-hotel-6721496,,REAL
'Trend Setter': Gayle Picks MS Dhoni As India's Most Successful CaptainCricket1 hour agofacebooktwitterWhatsAppredditSnapchat,https://sports.ndtv.com/cricket/trend-setter-gayle-picks-ms-dhoni-as-indias-most-successful-captain-6727618,,REAL
"""Do They Have Anyone Worth 18 Crores?"": Ex-India Star On This IPL TeamCricket1 hour agofacebooktwitterWhatsAppredditSnapchat",https://sports.ndtv.com/ipl-2025/do-they-have-anyone-worth-18-crores-ex-india-stars-bold-remark-on-this-ipl-team-6721938,,REAL
India vs Pakistan Live Streaming Women's T20 World Cup: Where To WatchCricket2 hours agofacebooktwitterWhatsAppredditSnapchat,https://sports.ndtv.com/women-s-t20-world-cup/india-vs-pakistan-live-streaming-icc-womens-t20-world-cup-2024-ind-vs-pak-live-telecast-6727345,,REAL
"Highest Wicket-Takers In T20Is Between IND, BANCricket14 minutes agofacebooktwitterWhatsAppredditSnapchat",https://sports.ndtv.com/webstories/sports/highest-wicket-takers-in-t20is-between-ind-ban-25483,,REAL
IPL 2025: Indians Who Will Definitely Be RetainedCricket29 minutes agofacebooktwitterWhatsAppredditSnapchat,https://sports.ndtv.com/webstories/sports/ipl-2025-indians-who-will-definitely-be-retained-25481,,REAL
5 Foreign IPL Stars Who Must Be RetainedCricket20 hours agofacebooktwitterWhatsAppredditSnapchat,https://sports.ndtv.com/webstories/sports/5-foreign-ipl-stars-who-must-be-retained-25455,,REAL
India vs Pakistan Head-To-Head T20I RecordCricket20 hours agofacebooktwitterWhatsAppredditSnapchat,https://sports.ndtv.com/webstories/sports/india-women-vs-pakistan-women-head-to-head-t20i-record-25454,,REAL
"CricketOct 01, 2024facebooktwitterWhatsAppredditSnapchat",https://sports.ndtv.com/cricket#pfrom=sports_Recentlisting_2024,,REAL
"CricketSep 23, 2024facebooktwitterWhatsAppredditSnapchat",https://sports.ndtv.com/cricket#pfrom=sports_Recentlisting_2024,,REAL
"CricketSep 22, 2024facebooktwitterWhatsAppredditSnapchat",https://sports.ndtv.com/cricket#pfrom=sports_Recentlisting_2024,,REAL
T20 WC Live: India Commit Another Fielding Blunder; 5-Down Pak Bank On NidaCricket1 minute agofacebooktwitterWhatsAppredditSnapchat,https://sports.ndtv.com/women-s-t20-world-cup/india-vs-pakistan-live-score-icc-womens-t20-world-cup-2024-ind-vs-pak-live-scorecard-updates-6727533,,REAL
"""Gabba Se Wapas..."": SKY Trolls India Cricket Star, Teammate Does ThisCricket20 minutes agofacebooktwitterWhatsAppredditSnapchat",https://sports.ndtv.com/india-vs-bangladesh-2024/gabba-se-wapas-suryakumar-yadav-trolls-india-star-ahead-of-bangladesh-t20is-teammate-does-this-watch-6728808,,REAL
"Pakistan Announce Playing XI For England Test, Superstar Player ReturnsCricket1 hour agofacebooktwitterWhatsAppredditSnapchat",https://sports.ndtv.com/cricket/pakistan-announce-playing-xi-for-england-test-in-multan-superstar-player-returns-6728446,,REAL
"Bangladesh Team Doesn't Visit Gwalior Mosque, Hold Prayer In HotelCricket1 hour agofacebooktwitterWhatsAppredditSnapchat",https://sports.ndtv.com/cricket/bangladesh-cricket-team-doesn-t-visit-gwalior-mosque-holds-friday-prayer-at-hotel-6721496,,REAL
Monaco Take Top Spot In Ligue 1 With Win At RennesFootball7 hours agofacebooktwitterWhatsAppredditSnapchat,https://sports.ndtv.com/football/monaco-take-top-spot-in-ligue-1-with-win-at-rennes-6726614,,REAL
Real Madrid Beat Villarreal But Dani Carvajal Suffers Knee InjuryFootball8 hours agofacebooktwitterWhatsAppredditSnapchat,https://sports.ndtv.com/football/real-madrid-beat-villarreal-but-dani-carvajal-suffers-knee-injury-6726606,,REAL
Serie A: Thuram Treble Fires Inter Milan Past Torino And Up To SecondFootball8 hours agofacebooktwitterWhatsAppredditSnapchat,https://sports.ndtv.com/football/serie-a-marcus-thuram-treble-fires-inter-milan-past-torino-and-up-to-second-6726547,,REAL
Careless Bayer Leverkusen Held To Bundesliga Draw vs Holstein KielFootball8 hours agofacebooktwitterWhatsAppredditSnapchat,https://sports.ndtv.com/football/careless-bayer-leverkusen-held-to-bundesliga-draw-vs-holstein-kiel-6726512,,REAL
"Revenge For Daniil Medvedev, Stefanos Tsitsipas At Shanghai MastersTennisOct 04, 2024facebooktwitterWhatsAppredditSnapchat",https://sports.ndtv.com/tennis/revenge-for-daniil-medvedev-stefanos-tsitsipas-at-shanghai-masters-6718172,,REAL
"No. 1 Seed Aryna Sabalenka Stunned By Player Ranked 47 Places LowerTennisOct 04, 2024facebooktwitterWhatsAppredditSnapchat",https://sports.ndtv.com/tennis/womens-tennis-no-1-seed-aryna-sabalenka-stunned-by-karolina-muchova-in-shanghai-masters-6715412,,REAL
"Tsitsipas Gets Revenge Against Nishikori At Shanghai MastersTennisOct 04, 2024facebooktwitterWhatsAppredditSnapchat",https://sports.ndtv.com/tennis/stefanos-tsitsipas-gets-revenge-against-kei-nishikori-at-shanghai-masters-6715338,,REAL
"Tennis World No. 1 Gives Worrying Comment As Doping Case Drags OnTennisOct 04, 2024facebooktwitterWhatsAppredditSnapchat",https://sports.ndtv.com/tennis/jannik-sinners-doping-case-drags-on-tennis-world-no-1-gives-worrying-comment-6715277,,REAL
"Controversy Erupts After Schumacher's Brother Lists Property, Ex-Wife FumesFormula 1Oct 05, 2024facebooktwitterWhatsAppredditSnapchat",https://sports.ndtv.com/formula-1/controversy-erupts-after-michael-schumachers-brother-ralf-lists-5-million-property-leaving-ex-wife-fuming-6721600,,REAL
"Schumacher 'Doesn't Speak' After Horror Accident, Communicates Through...Formula 1Oct 03, 2024facebooktwitterWhatsAppredditSnapchat",https://sports.ndtv.com/formula-1/f1-great-michael-schumacher-doesnt-speak-after-horror-accident-communicates-through-6706174,,REAL
"Schumacher 'Seen In Public' 1st Time In 11 Years. Reason Is SpecialFormula 1Oct 02, 2024facebooktwitterWhatsAppredditSnapchat",https://sports.ndtv.com/formula-1/michael-schumacher-seen-in-public-1st-time-in-11-years-after-skiing-accident-reason-is-special-reports-6700825,,REAL
"Renault To End Formula One Engine Production From 2026Formula 1Sep 30, 2024facebooktwitterWhatsAppredditSnapchat",https://sports.ndtv.com/formula-1/renault-to-end-formula-one-engine-production-from-2026-6687186,,REAL
Ind vs Pak Live: Pakistan Collapse As India Spinners Dominate; Nida Dar Key,https://sports.ndtv.com/women-s-t20-world-cup/india-vs-pakistan-live-score-icc-womens-t20-world-cup-2024-ind-vs-pak-live-scorecard-updates-6727533,,REAL
Rohit Reveals How Pant's Masterplan Helped India Beat SA In T20 WC Final,https://sports.ndtv.com/cricket/rohit-sharma-reveals-rishabh-pants-masterplan-that-helped-india-beat-south-africa-in-t20-world-cup-final-6726939,,REAL
India vs Pakistan Live Streaming Women's T20 World Cup: Where To Watch,https://sports.ndtv.com/women-s-t20-world-cup/india-vs-pakistan-live-streaming-icc-womens-t20-world-cup-2024-ind-vs-pak-live-telecast-6727345,,REAL
Satwik-Chirag Achieve Historic First For India At Paris Olympics,https://sports.ndtv.com/olympics-2024/satwiksairaj-rankireddy-chirag-shetty-achieve-historic-first-for-india-at-paris-olympics-6217020,,REAL
"After Olympics Loss vs Djokovic, Nadal's Big Announcement On Retirement",https://sports.ndtv.com/olympics-2024/after-olympics-loss-vs-novak-djokovic-rafael-nadals-big-announcement-on-retirement-6217222,,REAL
"Team India's Fixtures At Women's T20 World Cup 2024CRICKETOct 04, 2024facebooktwitterWhatsAppredditSnapchat",https://sports.ndtv.com/women-s-t20-world-cup/photos/team-indias-fixtures-at-womens-t20-world-cup-2024-108577#pfrom=home-photos,,REAL
"India's Record At Women's T20 World CupCRICKETOct 04, 2024facebooktwitterWhatsAppredditSnapchat",https://sports.ndtv.com/women-s-t20-world-cup/photos/indias-record-at-womens-t20-world-cup-108576#pfrom=home-photos,,REAL
"How India Made History In '3-Day' Kanpur TestCRICKETOct 01, 2024facebooktwitterWhatsAppredditSnapchat",https://sports.ndtv.com/cricket/photos/how-india-made-history-in-3-day-kanpur-test-108554#pfrom=home-photos,,REAL
"In Pics: India vs Bangladesh Day 1 Spoilt By RainCRICKETSep 27, 2024facebooktwitterWhatsAppredditSnapchat",https://sports.ndtv.com/cricket/photos/in-pics-india-vs-bangladesh-day-1-spoilt-by-rain-108543#pfrom=home-photos,,REAL
"""My Goal Is To Win Gold At 2028 Olympics"": Manu Bhaker To NDTV",https://sports.ndtv.com/shooting/videos/my-goal-is-to-win-gold-at-2028-olympics-manu-bhaker-to-ndtv-844175,,REAL
"Divanshi's Second Gold Leads India's Clean Sweep At ISSF Junior WorldsShootingOct 05, 2024facebooktwitterWhatsAppredditSnapchat",https://sports.ndtv.com/shooting/divanshis-second-gold-leads-india-s-clean-sweep-at-issf-junior-worlds-6721044#pfrom=sports_morelisting_2024,,REAL
"Hockey India League Returns After 7-Year-Wait, To Conduct Player AuctionHockeyOct 04, 2024facebooktwitterWhatsAppredditSnapchat",https://sports.ndtv.com/hockey/hil-to-return-after-7-long-years-6713980#pfrom=sports_morelisting_2024,,REAL
"India Trio Wins Men's Team Gold In Junior Shooting World ChampionshipShootingOct 04, 2024facebooktwitterWhatsAppredditSnapchat",https://sports.ndtv.com/cricket/india-trio-wins-mens-team-gold-in-junior-shooting-world-championship-india-stay-top-of-medal-tally-6713270#pfrom=sports_morelisting_2024,,REAL
"Draft Sports Policy Released For Public Consultation: Mansukh MandaviyaOther SportsOct 03, 2024facebooktwitterWhatsAppredditSnapchat",https://sports.ndtv.com/othersports/draft-sports-policy-released-for-public-consultation-mansukh-mandaviya-6708705#pfrom=sports_morelisting_2024,,REAL
"""Weight Management Is Athlete's Responsibility"": Mary KomBoxingOct 03, 2024facebooktwitterWhatsAppredditSnapchat",https://sports.ndtv.com/boxing/weight-management-is-athletes-responsibility-mary-kom-6707293#pfrom=sports_morelisting_2024,,REAL
"PT Usha Calls SGM To Address CEO Appointment, Corruption Charge vs TreasurerOther SportsOct 03, 2024facebooktwitterWhatsAppredditSnapchat",https://sports.ndtv.com/othersports/ioa-feud-pt-usha-calls-sgm-to-address-ceo-appointment-corruption-charge-against-treasurer-6707545#pfrom=sports_morelisting_2024,,REAL
"Over 500,000 Dislikes! WWE Video Featuring The Rock Faces Major BacklashOther SportsOct 03, 2024facebooktwitterWhatsAppredditSnapchat",https://sports.ndtv.com/othersports/over-500-000-dislikes-wwe-video-featuring-the-rock-faces-major-backlash-4999025#pfrom=sports_morelisting_2024,,REAL
"""I Feel Emotional"": PM Modi Writes To Neeraj's Mother. The Reason Is...AthleticsOct 02, 2024facebooktwitterWhatsAppredditSnapchat",https://sports.ndtv.com/athletics/i-feel-emotional-pm-narenda-modi-writes-to-neeraj-chopras-mother-here-is-the-culinary-reason-6700836#pfrom=sports_morelisting_2024,,REAL
"Inaugural Kho Kho World Cup In India To Be Held Next YearOther SportsOct 02, 2024facebooktwitterWhatsAppredditSnapchat",https://sports.ndtv.com/othersports/inaugural-kho-kho-world-cup-in-india-to-be-held-next-year-6698264#pfrom=sports_morelisting_2024,,REAL
"India Add Five More Gold Medals In ISSF Junior World ChampionshipShootingOct 02, 2024facebooktwitterWhatsAppredditSnapchat",https://sports.ndtv.com/shooting/india-add-five-more-gold-medals-in-issf-junior-world-championship-6697977#pfrom=sports_morelisting_2024,,REAL
"WI vs SCO, Women’s T20 World Cup 2024 LIVE streaming info: When, where to watch West Indies v Scotland; Predicted XI",https://sportstar.thehindu.com/cricket/womens-cricket/west-indies-vs-scotland-live-streaming-info-when-where-to-watch-wi-v-sco-womens-t20-world-cup-2024-predicted-xi/article68722864.ece,,REAL
PAK vs ENG: Pope confident Woakes can lead new-look England pace attack in Pakistan,https://sportstar.thehindu.com/cricket/pak-vs-eng-2024-test-multan-pakistan-vs-england-ollie-pope-chris-woakes-shan-masood-news/article68724529.ece,,REAL
"IND vs BAN head-to-head record in T20Is: India v Bangladesh overall stats; most runs, wickets",https://sportstar.thehindu.com/cricket/ind-vs-ban-head-to-head-t20-record-overall-stats-most-runs-wickets-highest-lowest-scores-india-v-bangladesh/article68722967.ece,,REAL
"IND vs BAN T20I Series: Shivam Dube ruled out, Tilak Varma named replacement",https://sportstar.thehindu.com/cricket/international/shivam-dube-ruled-out-india-vs-bangladesh-t20i-series-tilak-varma-ind-v-ban/article68722357.ece,,REAL
From driving autorickshaw to dismissing Ruturaj Gaikwad on Irani Cup debut — Juned Khan’s fairytale ride,https://sportstar.thehindu.com/cricket/domestic/juned-khan-mumbai-pacer-autorickshaw-driver-irani-cup-debut-ruturaj-gaikwad-wicket-struggle-story-news/article68722128.ece,,REAL
Mumbai cricket team to be felicitated after first Irani Cup win in 27 years,https://sportstar.thehindu.com/cricket/domestic/mumbai-cricket-team-to-be-felicitated-first-irani-cup-27-years-mca/article68721913.ece,,REAL
Szczesny to debut for Barcelona after international break,https://sportstar.thehindu.com/football/la-liga/wojciech-szczesny-debut-barcelona-after-international-break-hansi-flick/article68724018.ece,,REAL
Premier League 2024-25: Kovacic brace gives Manchester City 3-2 victory over Fulham; West Ham beats Ipswich,https://sportstar.thehindu.com/football/epl/manchester-city-vs-fulham-score-results-premier-league-2024-25-west-ham-v-ipswich-town-highlights-news/article68722619.ece,,REAL
Premier League 2024-25: Saka steers Arsenal to 3-1 comeback win over Southampton; Leicester beats Bournemouth,https://sportstar.thehindu.com/football/epl/arsenal-vs-southampton-premier-league-2024-25-leicester-vs-bournemouth-match-report-saka-highlights-news/article68722742.ece,,REAL
Serie A 2024-25: Milan’s Fonseca opts for continuity to maintain winning run,https://sportstar.thehindu.com/football/ac-milan-vs-fiorentina-serie-a-2024-25-team-news-paulo-fonseca-alvaro-morata-new-updates/article68722159.ece,,REAL
Premier League 2024-25: Liverpool’s Alisson out for few weeks after injury against Crystal Palace,https://sportstar.thehindu.com/football/epl/alisson-liverpool-suffers-injury-against-crystal-palace-premier-league-2024-25-arne-slot-mac-allister-news/article68722487.ece,,REAL
"Premier League: High-flying Bukayo Saka on another level, says Arsenal’s Mikel Arteta",https://sportstar.thehindu.com/football/epl/bukayo-saka-mikel-arteta-arsenal-vs-southampton-premier-league-2024-25-score-results-kai-havertz-news/article68722872.ece,,REAL
"Shanghai Masters: Djokovic, Zverev through to third round",https://sportstar.thehindu.com/tennis/shanghai-masters-2024-djokovic-through-third-round-vs-alex-michelsen-zverev-rublev-result-report-highlights-news/article68722426.ece,,REAL
Rethin Pranav and Vaidehi Chaudhari win National tennis championship,https://sportstar.thehindu.com/tennis/rethin-pranav-vaidehi-chaudhari-win-national-tennis-championship-nithin-kumar-final-result-report-news/article68721774.ece,,REAL
China Open: Coco Gauff fights back to reach final against Muchova,https://sportstar.thehindu.com/tennis/china-open-scores-results-coco-gauff-reaches-final-beats-badosa-highlights-report/article68721188.ece,,REAL
"Shanghai Masters: Alcaraz, Sinner breeze into third round",https://sportstar.thehindu.com/tennis/shanghai-masters-results-score-carlos-alcaraz-enters-third-round-beats-shang-juncheng-match-highlights-report/article68720824.ece,,REAL
Billie Jean King Cup finals transition to eight-team event in 2025,https://sportstar.thehindu.com/tennis/billie-jean-king-cup-finals-transition-to-eight-team-event-2025-davis-cup-format-news/article68719124.ece,,REAL
From Swiatek to Medvedev: Who are the top-ranked players taking part in World Tennis League 2024?,https://sportstar.thehindu.com/tennis/world-tennis-league-2024-swiatek-medvedev-sabalenka-rublev-frtiz-ruud-rybakina-top-ranked-players-news/article68717875.ece,,REAL
Sportstar Podcast: Hockey India League returns after seven years,https://sportstar.thehindu.com/podcast/hockey-india-league-2024-sportstar-podcast-schedule-preview-teams-format-player-auction-details/article68722558.ece,,REAL
Women’s Asian Champions Trophy 2024: What is the logo and mascot of the tournament?,https://sportstar.thehindu.com/hockey/womens-asian-champions-trophy-2024-india-bihar-what-logo-mascot-bird-animal-design-origin-news/article68721759.ece,,REAL
WFI decides not to field Indian team in World Championships,https://sportstar.thehindu.com/wrestling/wfi-decides-not-field-indian-wrestling-team-u23-world-championships-sports-ministry-government-court-sanjay-singh-selection-trials-news/article68721453.ece,,REAL
Sportstar Podcast: A deep dive into India’s historic gold rush at Chess Olympiad in Budapest,https://sportstar.thehindu.com/podcast/chess-olympiad-2024-india-gold-medals-sportstar-podcast-performance-gukesh-elo-rating-points-budapest/article68722463.ece,,REAL
Global Chess League 2024: PGB Alaskan Knight makes it four wins in four,https://sportstar.thehindu.com/chess/global-chess-league-results-day-three-anish-giri-vs-viswanathan-anand-report-pgb-alaskan-knights-news-updates/article68722886.ece,,REAL
Sreejesh eyes building a strong base for next generation of Indian hockey,https://sportstar.thehindu.com/hockey/sreejesh-hockey-india-league-2024-mentor-delhi-india-men-junior-hockey-team-head-coach-olympics/article68722773.ece,,REAL
West Indies seek quick turnaround after opening blues,https://www.cricbuzz.com/cricket-news/131876/west-indies-seek-quick-turnaround-after-opening-blues,,REAL
The (re)making of Sune Luus,https://www.cricbuzz.com/cricket-news/131857/the-remaking-of-sune-luus,,REAL
Mumbai clinch Irani Cup on first-innings lead,https://www.cricbuzz.com/cricket-news/131877/mumbai-clinch-irani-cup-on-first-innings-lead,,REAL
Temba Bavuma out of final Ireland ODI,https://www.cricbuzz.com/cricket-news/131893/temba-bavuma-out-of-final-ireland-odi,,REAL
"Pooran, Russell among seniors to skip Sri Lanka tour",https://www.cricbuzz.com/cricket-news/131873/pooran-russell-among-seniors-to-skip-sri-lanka-tour,,REAL
Rutherford abrupt exit from Patriots team shrouded in controversy,https://www.cricbuzz.com/cricket-news/131864/rutherford-abrupt-exit-from-patriots-team-shrouded-in-controversy,,REAL
MiLC Final: Spirited East Bay Blazers run into red hot Chicago Kingsmen,https://www.cricbuzz.com/cricket-news/131890/milc-final-spirited-east-bay-blazers-run-into-red-hot-chicago-kingsmen,,REAL
Amazon Warriors enter CPL 2024 final with clinical win,https://www.cricbuzz.com/cricket-news/131870/amazon-warriors-enter-cpl-2024-final-with-clinical-win,,REAL
